<?xml version="1.0" encoding="UTF-8"?>
<emitter imageName="" name="Test Particle">
  <spawnInterval enabled="true" max="30.0" min="10.0"/>
  <spawnCount enabled="true" max="4.0" min="3.0"/>
  <initialLife enabled="true" max="600.0" min="300.0"/>
  <initialSize enabled="true" max="1.0" min="1.0"/>
  <xOffset enabled="true" max="5.0" min="-5.0"/>
  <yOffset enabled="true" max="5.0" min="-5.0"/>
  <initialDistance enabled="true" max="0.0" min="0.0"/>
  <speed enabled="true" max="30.0" min="10.0"/>
  <length enabled="false" max="5000.0" min="3500.0"/>
  <spread value="360.0"/>
  <angularOffset value="0.0"/>
  <growthFactor value="40.0"/>
  <gravityFactor value="0"/>
  <windFactor value="0.0"/>
  <startAlpha value="255.0"/>
  <endAlpha value="10.0"/>
  <color>
    <step b="0.0" g="1.0" offset="0.0" r="0.0"/>
    <step b="0.3" g="1.0" offset="0.5" r="0.0"/>
    <step b="1" g="0.5" offset="1.0" r="1"/>
  </color>
</emitter>
